Country,GDP
Argentina,14398.35877
United States,59927.93029
Zimbabwe,1333.395663
Portugal,21291.43121
